City,State,Postal Code,Country
New york,NY,10170,United States
Powell,TN,37849,United States
San Juan Capistrano,CA,92675 - 5700,United States
Los Angeles,CA,90049 - 5749,United States
Fort Bragg,CA,95437,United States
Dunedin,FL,34698,United States
Fort Myers,FL,33919 - 1852,United States
New York,New York,10021-3317 - 3317,United States
Royal Oak,Michigan,48067 - 48067,United States
Mundelein,IL,60060 - 1963,United States
North Easton,MA,2356,United States
Olympia,WA,98501,United States
Somerset,New Jersey,8873,United States
Germantown,MD,20874,United States
Lodi,CA,95240,United States
Princeton,NJ,08542 - 7321,United States
Vienna,Virginia,22180,United States
Bay harbor,Fl,33154,Usa
Ames,IA,50010 - 6061,United States
Wayne,Pennsylvania,19087,United States
Nashville,TN,37212,United States
Woburn,MA,1801 - 4193,United States
Oklahoma City,Ok,73116 - 3791,United States
Union,NJ,07083 - 9394,United States
West Covina,CA,91790 - 3409,United States
Tampa,FL,33647 - 33647,United States
Bellview,WA,98008,United States
Kenilworth,IL,60043 - 1082,United States
Clinton Township,MI,48038,
Skokie,Il,60646 - 5419,United States
Medford,MA,2155,United States
Leawood,KS,66224,United States
Alexandria,Louisiana,71301 - 3628,United States
Chattanooga,TN,37415 - 2716,United States
Charlotte,NC,28211,United States
Gretna,LA,70053 - 3405,United States
Fountain Valley,California,92708 - 5647,United States
Birmingham,MI,48009,United States
Northampton,PA,18067 - 1584,United States
Corunna,MI,48357,United States
Swansea,29,02777 - 5168,United States
Fairfield,CT,06824 - 5154,United States
Medford,OR,97504 - 6408,United States
Bayside,New York,11360,United States
Washington,Maryland,20540 - 1129,United States
Anchorage,AK,99518 - 2276,United States
Fairfield,CT,6824,United States
Los Gatos,CA,95124,United States
Calgary,Alberta,T3A 2L6,Canada
PHILADELPHIA,PA,19103 - 5802,United States
Bensenville,Illinois,60106 - 60106-3365,United States
Brandon,FL,33511 - 6261,United States
New York,NY,10011 - 1453,United States
Mt Kisco,NY,10549,United States
Kansas City,MO,64151,United States
Erie,PA,16505 - 3355,United States
Allentown,Pennsylvania,18103 - 7990,United States
Wilton,CT,06897 - 3055,United States
Rye,NY,10462,United States
Brea,ca,92821,
Escondido,California,92025 - 3432,United States
Mission Viejo,CA,92691 - 6405,United States
BELLEVUE,WA,98004 - 3047,United States
Aventura,FL,33160,United States
Freehold,NJ,07728 - 3308,United States
Augusta,ME,4330,United States
Las Vegas,NV,89104 - 6938,United States
Somerset,New Jersey,08873 - 3980,United States
Irvine,CA,92604,United States
Chicago,null,null - 60610,null
JOLIET,IL,60403 - 1881,United States
Brighton,MA,01748 - 3601,United States
Owings Mills,MD,21117 - 4201,United States
Gravelbourg,SK,S0H 1X0,Canada
Plymouth Meeting,PA,19462 - 7137,United States
Edina,MN,55416,United States
Portland,oregon,97230 - 1003,United States
Forest Lake,Qld,4078 - 4078 4122,Australia
BURR RIDGE,IL,60527 - 0817,
Aiken,SC,29803,United States
RIDGEFIELD,NJ,07657 - 2020,United States
Howard Beach,NY,11414 - 2739,United States
Bellingham,WA,98229,United States
Clive,Iowa,50266,United States
Washington,District of Columbia,20037 - 20036,United States
Garden City,New York,11530 - 3330,United States
Cumming,GA,30041 - 30041,United States
COVINGTON,LA,70433 - 3400,United States
Churchville,MD,21028-1620,
Hoover,AL,35226,United States
Langhorne,PA,19047 - 1832,United States
LOS ANGELES,CA,90025 - 1169,United States
Los Angeles,CA,90069,United States
Miami,FL,33181 - 000,United States
Phoenix,AZ,85254 - 2301,United States
Skokie,IL,60076,
Thomasville,GA,31792 - 5188,United States
Columbia,SC,29209,United States
Atlanta,GA,30344 - 6717,United States
York,PA,17402 - 4379,United States
Tenafly,New Jersey,7670 - 2004,United States
Wayne,NJ,7470,
Haworth,NJ,07676 - 7641,United States
Pasadena,CA,91106 - 1612,United States
Mansfield,TX,76063,United States
Medford,NY,11763 - 11763,United States
Tyler,TX,75701,United States
Eldersburg,MD,21784 - 6410,United States
Saint Paul,Minnesota,55127,United States
Brooklyn,NY,11209 - 5831,United States
Morganville,New Jersey,07751 - 1564,United States
Pleasanton,CA,94588 - 5818,United States
Windsor,ON,N9A 4J8,Canada
Ventura,CA,93003,
,,,
Frisco,Texas,75034 - 75034,United States
,,,Venezuela
Columbus,OH,43220 - 1814,United States
Helsinki,Finland,170,United States
ALAMEDA,CA,94502 - 2227,United States
Fresno,CA,93721 - 1714,United States
New York,NY,10022 - 4211,United States
Port Washington,New York,11050,United States
Virginia Beach,VA,23452 - 2445,United States
TAMPA,FL,33647 - 1388,United States
CLINTON TOWNSHIP,MI,48036 - 3646,United States
Libertyville,IL,60048,United States
Evanston,IL,60201 - 6005,United States
HUMBLE,TX,77598 - 3505,United States
Sugar Land,Texas,77478 - 8499,United States
GLENDALE,CA,91202 - 3023,United States
Calabasas,Ca,91302 - 3322,United States
SANTA BARBARA,CA,94550,United States
Westfield,NJ,07090 - 7090,United States
Charlotte,NC,28277,United States
Denver,NC,28037 - 7680,United States
Hagerstown,md,21742,United States
MELBOURNE,,3004,United States
Portsmouth,Hants,PO13TG,United Kingdom
Houston,Texas,77025,
,,,
Trappe,PA,19426 - 2065,United States
Lawrenceville,Georgia,30501,United States
Mount kisco,New York,10549 - 3468,United States
Newark,DE,19713 - 4168,United States
,,,
Dallas,TX,75206 - 4187,United States
Clovis,NM,88101 - 4430,usa
Bolingbrook,Illinois,60440,United States
Saint marys,GA,32233,United States
,,,
Jackson,MS,39206 - 5629,United States
Brockton,MA,2301 - 4430,United States
Naranjito,puerto rico,00719 - 3024,United States
ORANGE,CA,92865,United States
Charlotte,North Carolina,28226,United States
Greenwood Village,CO,80224 - 5376,United States
Webster,TX,77598,United States
Norwich,CT,6360,United States
Cary,NC,27513,United States
Torrance,CA,90503,
Pensacol,Florida,32504,United States
BELMONT,MA,2478,United States
MONROE,LA,71201 - 5612,United States
Sewell,New Jersey,08080 - 9339,United States
"E, Cobourg",Ontario,K9A 0C5,Canada
Lawrence,KS,66049,United States
VIENNA,VA,22182 - 7700,United States
PLEASANT RIDGE,MI,48069 - 1138,
La Mesa,California,91942,United States
Redlands,Ca,92373,
Kansas City,MO,64131,
LITTLETON,CO,80122 - 2638,
Kitchener,ON,K7M 5Z3,Canada
Bridgeport,CT,6604,United States
Silver SPring,MD,20910 - 4154,United States
Houston,Tx.,77062,United States
,,,
Brooklyn,NY,11222 - 1623,
Saint Helena,California,94515,United States
Bakersfield,CA,93301,United States
West Covena,CA,90041,
Plano,TX,75093,United States
,,,
,,,
Richfield,UT,84701,United States
Glendora,CA,91740 - 6241,United States
Encino,CA,91316 - 0368,United States
,,,
Torrance,CA,90503 - 5636,
Miami,FL,33137,United States
Mansfield,TX,76063,
Newport Beach,California,92663 - 92663,United States
SUTTON,QUEBEC,J0E 1R0,Canada
Pointe Claire,QC,H9h3e4,Canada
Vacaville,CA,95688 - 4246,United States
Walnut Creek,CA,94596,United States
Greensboro,NC,27408,United States
Ravenna,OH,44266,United States
Philadelphia,PA,19145,United States
Lee,MA,2169,United States
SACRAMENTO,CA,95821 - 5445,United States
Jacksonville Beach,FL,32250,
Coral Gables,FL,33146 - 7709,
Palm Beach Gardens,Florida,33418 - 33418,United States
Tampa,FL,33615 - 33615-3810,United States
FAYETTEVILLE,GA,30214 - 1645,
Pendleton,IN,46064-1047,
Central,LA,70818,
Boston,MA,1772,
Glen Burnie,MD,21061,
OAKHURST,NJ,07755 - 1572,United States
Flushing,NY,11355,United States
New York,New York,10016,
Bronx,New York,10471,United States
YARDLEY,PA,19067 - 1622,United States
Arlington,VA,22203 - 1868,
Chicago,Illinois,60657,United States
Franklin,TN,37067 - 37067,United States
Blue Bell,PA,19422,United States
Delray Beach,Florida,33484 - 33484,
Anaheim,Ca,92804,United States
,,,
,,,
Daniel Island,SC,29492,United States
,,,
DeSoto,Texas,75205,United States
Newtown,PA,18940,
Denver,CO,80206,United States
North Charleston,SC,29406,
Rockville,MD,20852,
Granger,IN,49106,United States
Marshfield,MA,2050,United States
San Antonio,TX,78224-2124,
Tampa,Fl,33629,United States
Del Mar,CA,92014,
Dacula,GA,30019,United States
,,,
New Hyde Park,NY,11042-1011,
,,,
Oakland,NJ,7436,United States
Ellicott City,MD,21042,United States
Bend,OR,97702,United States
Pomona,CA,91766,United States
Chicago,Illinois,60605,United States
Naperville,IL,60133,United States
Tampa,FL,33609,United States
,,,
Dubai,AZ,450315,United Arab Emirates (the)
Staten Island,New York,10305,United States
Palo Alto,CA,94304,
Hackensack,NJ,07601 - 7601,
Temecula,Ca,92590,United States
Dallas,TX,75238,United States
Germantown,Maryland,20874 - 20707-5009,United States
Mansfield,MA,2048,
Shenandoah,TX,77384,
Norfolk,Massachusetts,2056 - 02056-1322,United States
North Palm Beach,FL,33409,
Austin,TX,78734,
Honolulu,HI,96817,
Glendale,AZ,85308,
Houston,TX,77056,United States
Coppell,TX,75019,United States
Dallas,TX,75244,
Barcelona,Barcelona,8017,Spain
Bloomfield Hills,MI,48304,
Bensalem,PA,19020,United States
Lebanon,Pennsylvania,17042,United States
Malden,MA,02148 - 5017,United States
Winter Haven,Fl,33884,United States
Whitinsville,MA,01588 - 1588,
Park Ridge,IL,60068,
Lawrence,KS,66047,
Seattle,WASHINGTON,98126,
Hammond,In,46324,United States
Los Angeles,CA,90017 - 1931,
Ft lauderale,FL,33306,null
VERO BEACH,FL,32963,
Hamilton,New Jersey,8619,United States
NASHUA,NH,3062,
,,8911,Spain
Newton Centre,MA,2459,
SUNRISE,FL,33323,
South Elgin,IL,60177,United States
Manalapan,nj,7726,United States
Santa Monica,CA,90210,United States
San Antonio,TX,78216,
Hamden,CT,,
Sterling Heights,MI,48310,
,,,
Scottsdale,AZ.,85255,
,,,
Lakewood,CA,90712,United States
Tucson,AZ,85704,
Carol Stream,IL,60188,
Bellmore,NY,11710,
Colleyville,TX,76034,
Raleigh,NC,27617,United States
Modesto,CA,95354,
,,,
Columbia,SC,29223,United States
Utica,MI,48317,
Las,Vegas,89147,
La Canada,CA,91011,United States
Raleigh,North Carolina,27609,
River Edge,NJ,7661,
Rocklin,CA,95677-4308,
Roseville,CA,95661,
,,,
Villa Park,California,92867,
,,92111,United States
Montclair,NJ,7042,
Ormond Beach,FL,32174,
Menlo Park,California,94025,
Baton Rouge,LA,70809-2717,
Santa Monica,CA,90404,
Madison,WI,53704,
Gurnee,IL,60031,
Miami,fl,33178,
Pembroke Pines,FL,33029,
Edison,Nj,8820,
Boca Raton,FL,33433,
Pompano Beach,FL,33064,
Palatka,FL,32792,United States
Montclair,CA,91763,
Jensen Beach,FL,34957,United States
Miami,FL,33073,United States
West Caldwell,NJ,7006,
Londonderry,NH,3053,
Boca Raton,FL,33487,
,,M6G 1L6,
Ellicott,MD,21042,United States
Poway,CA,92064,United States
Vero Beach,FL,32960,
Gurnee,IL,60031,
San Lorenzo,CA,94580,
Warren,PA,16365,
Bethel Park,PA,15102,
